Title,Type,Material,Color,Price,46,Images
201,Belt,Calf,Antique Red,105,X,201 Antique Red.jpg
201,Belt,Calf,Brandy,105,X,201 Brandy.jpg
201,Belt,Calf,Burgundy,105,,201 Burgundy.jpg
201,Belt,Calf,Chocolate,105,X,201 Chocolate.jpg
201,Belt,Calf,Cognac,105,X,201 Cognac.jpg
201,Belt,Calf,Dark Grey,105,X,201 Dark Grey.jpg
201,Belt,Calf,Fuscia,105,X,201 Fuscia.jpg
201,Belt,Calf,Light Blue,105,X,201 Light Blue.jpg
201,Belt,Calf,Navy,105,,201 Navy.jpg
201,Belt,Calf,Ocean Blue,105,X,201 Ocean Blue.jpg
201,Belt,Calf,Pink,105,,201 Pink.jpg
201,Belt,Calf,Purple,105,X,201 Purple.jpg
201,Belt,Calf,Teal,105,X,201 Teal.jpg
202,Belt,Suede 35MM,Black,105,X,202 Black.jpg
202,Belt,Suede 35MM,Brown,105,X,202 Brown.jpg
202,Belt,Suede 35MM,Cognac,105,X,202 Cognac.jpg
202,Belt,Suede 35MM,Light Grey,105,,202 Light Grey.jpg
202,Belt,Suede 35MM,Navy,105,X,202 Navy.jpg
202,Belt,Suede 35MM,Red,105,X,202 Red.png
202,Belt,Seude 40MM,Black,115,,203 Black.jpg
202,Belt,Seude 40MM,Brown,115,,203 Cognac.jpg
202,Belt,Seude 40MM,Cognac,115,,204 Black.jpg
202,Belt,Seude 40MM,Light Grey,115,,204 Blue.jpg
202,Belt,Seude 40MM,Navy,115,X,204 Burgundy.jpg
202,Belt,Seude 40MM,Red,115,,204 Cognac.jpg
203,Belt,Calf 35MM,Black,105,,ADAMO Brown.JPG
203,Belt,Calf 35MM,Cognac,105,,ADAMO Burgundy.JPG
203,Belt,Calf 40MM,Black,115,,ADAMO Grey.JPG
203,Belt,Calf 40MM,Cognac,115,,ADAMO Navy.jpg
204,Belt,Velvet/Suede 35MM,Black,115,,B35 black gold.jpg
204,Belt,Velvet/Suede 35MM,Blue,115,,B35 black silver.jpg
204,Belt,Velvet/Suede 35MM,Burgundy,115,,B35 green gold.jpg
204,Belt,Velvet/Suede 35MM,Cognac,115,,B35 navy gold.jpg
204,Belt,Velvet/Suede 40MM,Black,125,X,B35 navy silver.jpg
204,Belt,Velvet/Suede 40MM,Blue,125,X,B35 red gold.jpg
204,Belt,Velvet/Suede 40MM,Burgundy,125,X,B35 Rose gold.jpg
204,Belt,Velvet/Suede 40MM,Cognac,125,X,B35 White gold.jpg
B35,Belt Buckle,35MM Buckle,Black/Gold,55,X,B35.jpg
B35,Belt Buckle,35MM Buckle,Black/Silver,55,X,B40 belt.jpg
B35,Belt Buckle,35MM Buckle,Navy/Gold,55,X,B40 Black Gold.jpg
B35,Belt Buckle,35MM Buckle,Navy/Silver,55,X,B40 Black Silver.jpg
B35,Belt Buckle,35MM Buckle,Green/Gold,55,X,B40 Burgundy Gold.jpg
B35,Belt Buckle,35MM Buckle,White/Gold,55,X,B40 Cognac Silver.jpg
B35,Belt Buckle,35MM Buckle,Antique Rose/Gold,55,X,B40 navy gold.jpg
B40,Belt Buckle,40MM Buckle,Black/Gold,75,X,B40 navy silver.jpg
B40,Belt Buckle,40MM Buckle,Black/Silver,75,X,B40 red gold.jpg
B40,Belt Buckle,40MM Buckle,Navy/Gold,75,X,B40 white gold.jpg
B40,Belt Buckle,40MM Buckle,Navy/Silver,75,X,BALDO Antique Red.JPG
B40,Belt Buckle,40MM Buckle,Green/Gold,75,X,BALDO Taupe.JPG
B40,Belt Buckle,40MM Buckle,White/Gold,75,X,Cufflink Black Gold.jpg
B40,Belt Buckle,40MM Buckle,Antique Rose/Gold,75,X,Cufflink Black Silver.jpg
Cufflink,Cufflink,Cufflink,Black/Gold,75,X,CUfflink Burgundy Gold.jpg
Cufflink,Cufflink,Cufflink,Black/Silver,55,X,Cufflink Navy Silver.jpg
Cufflink,Cufflink,Cufflink,Burgundy/Gold,55,X,Cufflink Olive Gold.jpg
Cufflink,Cufflink,Cufflink,Olive/Gold,55,X,Cufflink Red Gold.jpg
Cufflink,Cufflink,Cufflink,Navy/Silver,55,X,Cufflink White Gold.jpg
Cufflink,Cufflink,Cufflink,Red/Gold,55,X,Cufflink White Silver.jpg
Cufflink,Cufflink,Cufflink,White/Gold,55,X,
Cufflink,Cufflink,Cufflink,White/Silver,55,X,
,,,,,,
,,,,,,
,,,,,,
,,,,,,
,,,,,,
,,,,,,
,,,,,,
,,,,,,
,,,,,,
,,,,,,
,,,,,,
,,,,,,
,,,,,,
,,,,,,
,,,,,,
,,,,,,
,,,,,,
,,,,,,
,,,,,,
,,,,,,
,,,,,,
,,,,,,
,,,,,,
,,,,,,
,,,,,,
,,,,,,
,,,,,,
,,,,,,
,,,,,,
,,,,,,
,,,,,,
,,,,,,
,,,,,,
,,,,,,
,,,,,,
,,,,,,
,,,,,,
,,,,,,
,,,,,,
,,,,,,
,,,,,,
,,,,,,
,,,,,,
,,,,,,
,,,,,,
,,,,,,
,,,,,,
,,,,,,
,,,,,,
,,,,,,
,,,,,,
,,,,,,
,,,,,,
,,,,,,
,,,,,,
,,,,,,
,,,,,,
,,,,,,
,,,,,,
,,,,,,
,,,,,,
,,,,,,
,,,,,,
,,,,,,
,,,,,,
,,,,,,
,,,,,,
,,,,,,
,,,,,,
,,,,,,
,,,,,,
,,,,,,
,,,,,,
,,,,,,
,,,,,,
,,,,,,
,,,,,,
,,,,,,
,,,,,,
,,,,,,
,,,,,,
,,,,,,
,,,,,,
,,,,,,
,,,,,,
,,,,,,
,,,,,,
,,,,,,
,,,,,,
,,,,,,
,,,,,,
,,,,,,
,,,,,,
,,,,,,
,,,,,,
,,,,,,
,,,,,,
,,,,,,
,,,,,,
,,,,,,
,,,,,,
,,,,,,
,,,,,,
,,,,,,
,,,,,,
,,,,,,
,,,,,,
,,,,,,
,,,,,,
